{
  "run_id": "openai-o4-mini-medium-2025-07-26-1033-bc56c1",
  "benchmark": "pecv-reference",
  "config": {
    "approach_id": null,
    "config_key": "pecv-reference :: default",
    "args": {},
    "generated_at": null,
    "cases_executed": null,
    "cases_failed": null
  },
  "totals": {
    "cases": 91,
    "evaluated_cases": 91,
    "tp": 87,
    "fp": 48,
    "fn": 6,
    "matches": 87,
    "precision": 0.6444444444444445,
    "recall": 0.9354838709677419,
    "f1": 0.763157894736842
  },
  "averages": {
    "span_f1": 0.6554815355289251,
    "iou": 0.5436244159219242,
    "time_s": 33.673901098901105,
    "cost_usd": 0.03472475824175824
  },
  "per_exercise": {
    "ITP2425/H01E01-Lectures": {
      "totals": {
        "cases": 30,
        "evaluated_cases": 30,
        "tp": 27,
        "fp": 10,
        "fn": 3,
        "matches": 27,
        "precision": 0.7297297297297297,
        "recall": 0.9,
        "f1": 0.8059701492537312
      },
      "averages": {
        "span_f1": 0.6652476855916828,
        "iou": 0.5461696739474516,
        "time_s": 27.624733333333335,
        "cost_usd": 0.025185100000000002
      }
    },
    "ITP2425/H02E02-Panic_at_Seal_Saloon": {
      "totals": {
        "cases": 29,
        "evaluated_cases": 29,
        "tp": 28,
        "fp": 14,
        "fn": 1,
        "matches": 28,
        "precision": 0.6666666666666666,
        "recall": 0.9655172413793104,
        "f1": 0.7887323943661971
      },
      "averages": {
        "span_f1": 0.6586451285780371,
        "iou": 0.5617944187404362,
        "time_s": 32.68855172413792,
        "cost_usd": 0.04036989655172413
      }
    },
    "ITP2425/H05E01-Space_Seal_Farm": {
      "totals": {
        "cases": 32,
        "evaluated_cases": 32,
        "tp": 32,
        "fp": 24,
        "fn": 2,
        "matches": 32,
        "precision": 0.5714285714285714,
        "recall": 0.9411764705882353,
        "f1": 0.7111111111111111
      },
      "averages": {
        "span_f1": 0.6444732024955011,
        "iou": 0.5255781019966875,
        "time_s": 40.23796874999999,
        "cost_usd": 0.03855228125000001
      }
    }
  }
}