{
  "run_id": "google-gemini-2-5-flash-lite-preview-06-17-medium-2025-07-27-1720-5c51cd",
  "benchmark": "pecv-reference",
  "config": {
    "approach_id": null,
    "config_key": "pecv-reference :: default",
    "args": {},
    "generated_at": null,
    "cases_executed": null,
    "cases_failed": null
  },
  "totals": {
    "cases": 77,
    "evaluated_cases": 77,
    "tp": 72,
    "fp": 96,
    "fn": 7,
    "matches": 72,
    "precision": 0.42857142857142855,
    "recall": 0.9113924050632911,
    "f1": 0.582995951417004
  },
  "averages": {
    "span_f1": 0.5938186300925338,
    "iou": 0.48534255745406807,
    "time_s": 17.04453246753247,
    "cost_usd": 0.006328454545454544
  },
  "per_exercise": {
    "ITP2425/H01E01-Lectures": {
      "totals": {
        "cases": 26,
        "evaluated_cases": 26,
        "tp": 24,
        "fp": 27,
        "fn": 2,
        "matches": 24,
        "precision": 0.47058823529411764,
        "recall": 0.9230769230769231,
        "f1": 0.6233766233766235
      },
      "averages": {
        "span_f1": 0.6036074900045487,
        "iou": 0.46655413116168926,
        "time_s": 15.094499999999998,
        "cost_usd": 0.004924961538461539
      }
    },
    "ITP2425/H02E02-Panic_at_Seal_Saloon": {
      "totals": {
        "cases": 24,
        "evaluated_cases": 24,
        "tp": 22,
        "fp": 18,
        "fn": 2,
        "matches": 22,
        "precision": 0.55,
        "recall": 0.9166666666666666,
        "f1": 0.6874999999999999
      },
      "averages": {
        "span_f1": 0.6918582314972688,
        "iou": 0.6041895803558484,
        "time_s": 19.045166666666663,
        "cost_usd": 0.007678083333333333
      }
    },
    "ITP2425/H05E01-Space_Seal_Farm": {
      "totals": {
        "cases": 27,
        "evaluated_cases": 27,
        "tp": 26,
        "fp": 51,
        "fn": 3,
        "matches": 26,
        "precision": 0.33766233766233766,
        "recall": 0.896551724137931,
        "f1": 0.49056603773584906
      },
      "averages": {
        "span_f1": 0.5018261736005133,
        "iou": 0.402122854653219,
        "time_s": 17.144,
        "cost_usd": 0.006480296296296296
      }
    }
  }
}