{
  "run_id": "openai-o4-mini-medium-2025-07-26-1152-1b5fe1",
  "benchmark": "pecv-reference",
  "config": {
    "approach_id": null,
    "config_key": "pecv-reference :: default",
    "args": {},
    "generated_at": null,
    "cases_executed": null,
    "cases_failed": null
  },
  "totals": {
    "cases": 91,
    "evaluated_cases": 91,
    "tp": 83,
    "fp": 51,
    "fn": 10,
    "matches": 83,
    "precision": 0.6194029850746269,
    "recall": 0.8924731182795699,
    "f1": 0.7312775330396476
  },
  "averages": {
    "span_f1": 0.6832356007184002,
    "iou": 0.5705774597143378,
    "time_s": 33.47075824175823,
    "cost_usd": 0.03429092307692307
  },
  "per_exercise": {
    "ITP2425/H01E01-Lectures": {
      "totals": {
        "cases": 30,
        "evaluated_cases": 30,
        "tp": 26,
        "fp": 9,
        "fn": 4,
        "matches": 26,
        "precision": 0.7428571428571429,
        "recall": 0.8666666666666667,
        "f1": 0.8
      },
      "averages": {
        "span_f1": 0.7570968338859505,
        "iou": 0.6399089158704542,
        "time_s": 28.52763333333333,
        "cost_usd": 0.025936233333333333
      }
    },
    "ITP2425/H02E02-Panic_at_Seal_Saloon": {
      "totals": {
        "cases": 29,
        "evaluated_cases": 29,
        "tp": 26,
        "fp": 16,
        "fn": 3,
        "matches": 26,
        "precision": 0.6190476190476191,
        "recall": 0.896551724137931,
        "f1": 0.732394366197183
      },
      "averages": {
        "span_f1": 0.6085219285655551,
        "iou": 0.5140920880046554,
        "time_s": 33.6884827586207,
        "cost_usd": 0.039798275862068966
      }
    },
    "ITP2425/H05E01-Space_Seal_Farm": {
      "totals": {
        "cases": 32,
        "evaluated_cases": 32,
        "tp": 31,
        "fp": 26,
        "fn": 3,
        "matches": 31,
        "precision": 0.543859649122807,
        "recall": 0.9117647058823529,
        "f1": 0.6813186813186813
      },
      "averages": {
        "span_f1": 0.6839505495447769,
        "iou": 0.5598033243721672,
        "time_s": 37.907624999999996,
        "cost_usd": 0.037132406250000013
      }
    }
  }
}