{
  "run_id": "google-gemini-2-5-flash-medium-2025-07-27-0022-134029",
  "benchmark": "pecv-reference",
  "config": {
    "approach_id": null,
    "config_key": "pecv-reference :: default",
    "args": {},
    "generated_at": null,
    "cases_executed": null,
    "cases_failed": null
  },
  "totals": {
    "cases": 91,
    "evaluated_cases": 91,
    "tp": 88,
    "fp": 208,
    "fn": 5,
    "matches": 88,
    "precision": 0.2972972972972973,
    "recall": 0.946236559139785,
    "f1": 0.45244215938303345
  },
  "averages": {
    "span_f1": 0.5963854614238889,
    "iou": 0.4734786459448265,
    "time_s": 26.35742857142857,
    "cost_usd": 0.024414417582417587
  },
  "per_exercise": {
    "ITP2425/H01E01-Lectures": {
      "totals": {
        "cases": 30,
        "evaluated_cases": 30,
        "tp": 29,
        "fp": 41,
        "fn": 1,
        "matches": 29,
        "precision": 0.4142857142857143,
        "recall": 0.9666666666666667,
        "f1": 0.5800000000000001
      },
      "averages": {
        "span_f1": 0.6551004986049507,
        "iou": 0.5274915944324984,
        "time_s": 20.27956666666666,
        "cost_usd": 0.017615666666666665
      }
    },
    "ITP2425/H02E02-Panic_at_Seal_Saloon": {
      "totals": {
        "cases": 29,
        "evaluated_cases": 29,
        "tp": 29,
        "fp": 35,
        "fn": 0,
        "matches": 29,
        "precision": 0.453125,
        "recall": 1.0,
        "f1": 0.6236559139784946
      },
      "averages": {
        "span_f1": 0.5774346978391685,
        "iou": 0.46587759802374035,
        "time_s": 25.312206896551718,
        "cost_usd": 0.026049793103448283
      }
    },
    "ITP2425/H05E01-Space_Seal_Farm": {
      "totals": {
        "cases": 32,
        "evaluated_cases": 32,
        "tp": 30,
        "fp": 132,
        "fn": 4,
        "matches": 30,
        "precision": 0.18518518518518517,
        "recall": 0.8823529411764706,
        "f1": 0.3061224489795918
      },
      "averages": {
        "span_f1": 0.557946663614093,
        "iou": 0.4286138087304607,
        "time_s": 33.00265625,
        "cost_usd": 0.02930618749999999
      }
    }
  }
}