{
  "run_id": "x-ai-grok-3-mini-medium-2025-07-26-1325-244a66",
  "benchmark": "pecv-reference",
  "config": {
    "approach_id": null,
    "config_key": "pecv-reference :: default",
    "args": {},
    "generated_at": null,
    "cases_executed": null,
    "cases_failed": null
  },
  "totals": {
    "cases": 91,
    "evaluated_cases": 91,
    "tp": 75,
    "fp": 82,
    "fn": 18,
    "matches": 75,
    "precision": 0.47770700636942676,
    "recall": 0.8064516129032258,
    "f1": 0.6000000000000001
  },
  "averages": {
    "span_f1": 0.6138016391026863,
    "iou": 0.5025718712884699,
    "time_s": 14.659846153846145,
    "cost_usd": 0.0061036923076923065
  },
  "per_exercise": {
    "ITP2425/H01E01-Lectures": {
      "totals": {
        "cases": 30,
        "evaluated_cases": 30,
        "tp": 25,
        "fp": 12,
        "fn": 5,
        "matches": 25,
        "precision": 0.6756756756756757,
        "recall": 0.8333333333333334,
        "f1": 0.746268656716418
      },
      "averages": {
        "span_f1": 0.5663191625024442,
        "iou": 0.43180621339444863,
        "time_s": 12.257000000000003,
        "cost_usd": 0.004737466666666666
      }
    },
    "ITP2425/H02E02-Panic_at_Seal_Saloon": {
      "totals": {
        "cases": 29,
        "evaluated_cases": 29,
        "tp": 24,
        "fp": 24,
        "fn": 5,
        "matches": 24,
        "precision": 0.5,
        "recall": 0.8275862068965517,
        "f1": 0.6233766233766235
      },
      "averages": {
        "span_f1": 0.605955955888588,
        "iou": 0.5103864780530374,
        "time_s": 17.71413793103448,
        "cost_usd": 0.007425482758620689
      }
    },
    "ITP2425/H05E01-Space_Seal_Farm": {
      "totals": {
        "cases": 32,
        "evaluated_cases": 32,
        "tp": 26,
        "fp": 46,
        "fn": 8,
        "matches": 26,
        "precision": 0.3611111111111111,
        "recall": 0.7647058823529411,
        "f1": 0.490566037735849
      },
      "averages": {
        "span_f1": 0.6667000357236256,
        "iou": 0.563402289942351,
        "time_s": 14.144562500000005,
        "cost_usd": 0.0061866562499999994
      }
    }
  }
}